,,,,,,,,,,,,,,
,バーコード文字列,シーン名,サムネイル,年齢,カテゴリ,説明,不具合,,備考,リリース,アルファ版,a,分類,月
,13,L00039,,0〜2,記憶(Memory),"最初に動物の配置を覚え、
動物を覚えた場所に置く",,,,A,,未対応,,
,14,L00041,,0〜2,記憶(Memory),"最初に動物の配置を覚え、
動物を覚えた場所に置く",,,,A,,未対応,,
,35,L10082,,3〜4,記憶(Memory),"ペルくんの宝箱をよく見て
何が入っていたか
ペルくんが持っているものを選ぶ",,,,A,,未対応,,
,59,L20107,,5〜6,記憶(Memory),"誰が何の楽器を持っているかを
記憶して、記憶した楽器を
動物と合わせる","・覚える時間中に問題解答が出来る
デジタルコペルでも同じです",,問題なし,A,,未対応,,
,65,L00025,,0〜2,記憶(Memory),"指示通りの並びでロケットに
キャラクターを乗せる",,,,B,,未対応,,
,79,L10086,,3〜4,記憶(Memory),"お母さんの話を聞いて
ペルくんに正しいクッキーをあげる
話：丸2枚、ハート2枚",,,,B,,未対応,,
,94,L00027,,0〜2,記憶(Memory),"指示通りの並びで車に
キャラクターを乗せる",,,しこう,C,,未対応,,
,120,L20084,,5〜6,記憶(Memory),"最初に文章を読み聞きし、後で
文章に沿った問題に答える",,,ことば,C,,未対応,,
,135,L00097,,0〜2,記憶(Memory),矢印から線を引いて輪郭を書く,,,,D,,対応済み,しこう,11
,148,L10077,,3〜4,記憶(Memory),"ペルくんの宝箱をよく見て
何が入っていたか
ペルくんが持っているものを選ぶ",,,,D,,対応済み,しこう,11
,154,L20010,,5〜6,記憶(Memory),"最初に文章を読み聞きし、後で
文章に沿った問題に答える",,,,D,,対応済み,ことば,9
,161,L20076,,5〜6,記憶(Memory),"冷蔵庫の中を覚え
後で、果物を正しいところに置く",,,,D,,対応済み,しこう,10
,162,L20081,,5〜6,記憶(Memory),"引き出しの中に片づけたものを覚え
後で、片づけたものを当てる",,,,D,,対応済み,しこう,10
,179,L00040,,0〜2,記憶(Memory),"最初に動物の配置を覚え、
動物を覚えた場所に置く",,,,,,未対応,,
,180,L00043,,0〜2,記憶(Memory),花のパーツを適切な位置に置く,,,,,,未対応,,
,199,L00095,,0〜2,記憶(Memory),矢印から線を引いて輪郭を書く,,,,,,未対応,,
,221,L00124,,0〜2,記憶(Memory),蜂が飛ぶ軌道をなぞる,,,,,,未対応,,
,222,L00125,,0〜2,記憶(Memory),どんぐりが転がる軌道をなぞる,,,,,,未対応,,
,270,L10078,,3〜4,記憶(Memory),"ペルくんの宝箱をよく見て
何が入っていたか
ペルくんが持っているものを選ぶ

不具合
二問目の見るタイミングで
ボタンを押せてしまう",〇,,,,,未対応,,
,274,L10087,,3〜4,記憶(Memory),"お母さんの話を聞いて
ペルくんに正しいクッキーをあげる
話：ハート1枚、星2枚",,,,,,未対応,,
,301,L20031,,5〜6,記憶(Memory),"最初に文章を読み聞きし、後で
文章に沿った問題に答える

L20086と同じ内容
設問2「ボートに乗らなかった動物」
の答えがリス",,,,,,未対応,,
,320,L20077,,5〜6,記憶(Memory),"引き出しの中に片づけたものを覚え
後で、片づけたものを当てる",,,,,,未対応,,
,324,L20085,,5〜6,記憶(Memory),"最初に文章を読み聞きし、後で
文章に沿った問題に答える",,,,,,未対応,,
,325,L20086,,5〜6,記憶(Memory),"最初に文章を読み聞きし、後で
文章に沿った問題に答える

L20031と同じ内容
設問2「ボートに乗らなかった動物」
の答えがネコ",,,,,,未対応,,
,345,L00096,,0〜2,記憶(Memory),矢印から線を引いて輪郭を書く,,,,その他,,未対応,,
,10,L00031,,0〜2,共有知識(CommonKnowledge),家に合う動物を選ぶ,,,,A,○,未対応,,
,26,L10033,,3〜4,共有知識(CommonKnowledge),お話の順番に並べる,,,,A,○,未対応,,
,28,L10042,,3〜4,共有知識(CommonKnowledge),お金を数え、全部でいくらか選ぶ,,,,A,,未対応,,
,31,L10065,,3〜4,共有知識(CommonKnowledge),"動物たちの好きな食べ物は
どれかを当てる","・終了エフェクト後待機時間
　3秒になっている（他は1秒）",,,A,,未対応,,
,39,L10144,,3〜4,共有知識(CommonKnowledge),川を通って迷路を抜ける,"・隣接している川同士を通れる
（例えば、一寸法師から亀までの間）
　デジタルコペルでも同じなので
　仕様かもしれません",,,A,,未対応,,
,48,L20047,,5〜6,共有知識(CommonKnowledge),"色々なものをペルくんの
箱に入れると変身して出てくる
どんな約束で変わるか予想して
箱の中から出てくるものを選ぶ",・最初のアニメーションが起動しない,,,A,,未対応,,
,56,L20074,,5〜6,共有知識(CommonKnowledge),"果物はどちらの方向から
切ったものか選ぶ","・上下のアニメーション
　果物が完全に画面外に行く前に
　アニメーションのループが起きる",,,A,,未対応,,
,60,L20112,,5〜6,共有知識(CommonKnowledge),"左の枠内の人がお仕事で使うものを
右から2つずつ見つける",,,,A,○,未対応,,
,66,L00035,,0〜2,共有知識(CommonKnowledge),"シャツ→スカート→靴下→帽子の
順に衣服を着せていく",,,,B,,未対応,,
,70,L00073,,0〜2,共有知識(CommonKnowledge),物が大きいか小さいかを選ぶ,,,,B,,未対応,,
,71,L00076,,0〜2,共有知識(CommonKnowledge),物が大きいか小さいかを選ぶ,,,,B,,未対応,,
,73,L10009,,3〜4,共有知識(CommonKnowledge),どの店に合うかを選んで並べる,,,,B,,未対応,,
,75,L10035,,3〜4,共有知識(CommonKnowledge),お話の順番に並べる,,,,B,,未対応,,
,93,L00015,,0〜2,共有知識(CommonKnowledge),食べ物を選んでぺるくんの前に運ぶ,,,しこう,C,,未対応,,
,96,L00037,,0〜2,共有知識(CommonKnowledge),顔のパーツを選んで顔を作る,,,しこう,C,,未対応,,
,98,L00055,,0〜2,共有知識(CommonKnowledge),指定された硬貨を選ぶ,,,かず,C,,未対応,,
,100,L00061,,0〜2,共有知識(CommonKnowledge),左の絵を組み合わせて右の物を作る,,,ことば,C,,未対応,,
,101,L00081,,0〜2,共有知識(CommonKnowledge),おばけに合わないように迷路を進む,,,しこう,C,,未対応,,
,114,L20063,,5〜6,共有知識(CommonKnowledge),"色々なものをペルくんの
箱に入れると変身して出てくる
どんな約束で変わるか予想して
箱の中から出てくるものを選ぶ",,,しこう,C,,未対応,,
,118,L20075,,5〜6,共有知識(CommonKnowledge),"野菜はどちらの方向から
切ったものか選ぶ",,,しこう,C,,未対応,,
,131,L00075,,0〜2,共有知識(CommonKnowledge),指示通りにキャラクターを進ませる,,,,D,,対応済み,しこう,10
,132,L00077,,0〜2,共有知識(CommonKnowledge),指定されたものを選ぶ,,,,D,,対応済み,しこう,10
,146,L10070,,3〜4,共有知識(CommonKnowledge),何のお花が咲くか正しいお花を選ぶ,,,,D,,対応済み,しこう,10
,149,L10084,,3〜4,共有知識(CommonKnowledge),"じゃんけんをしたとき
誰が勝ったかを当てる",,,,D,,対応済み,しこう,11
,151,L10093,,3〜4,共有知識(CommonKnowledge),"猫のいる部屋だけを通って
迷路を抜ける",,,,D,,対応済み,しこう,11
,166,L20099,,5〜6,共有知識(CommonKnowledge),正しい時刻を表している時計を探す,,,,D,,対応済み,かず,10
,172,L00010,,0〜2,共有知識(CommonKnowledge),各商品を合うお店を選ぶ,,,,,,未対応,,
,176,L00030,,0〜2,共有知識(CommonKnowledge),家に合う動物を選ぶ,,,,,,未対応,,
,177,L00034,,0〜2,共有知識(CommonKnowledge),"シャツ→ズボン→靴下→帽子の順に
衣服を着せていく",,,,,,未対応,,
,178,L00036,,0〜2,共有知識(CommonKnowledge),顔のパーツを選んで顔を作る,,,,,,未対応,,
,185,L00062,,0〜2,共有知識(CommonKnowledge),"行事にちなんだ絵をかげに合わせて
置く",,,,,,未対応,,
,190,L00074,,0〜2,共有知識(CommonKnowledge),前向きか後ろ向きかを選ぶ,,,,,,未対応,,
,191,L00078,,0〜2,共有知識(CommonKnowledge),指定されたものを選ぶ,,,,,,未対応,,
,192,L00079,,0〜2,共有知識(CommonKnowledge),指定されたものを選ぶ,,,,E,,未対応,,
,193,L00080,,0〜2,共有知識(CommonKnowledge),指定されたものを選ぶ,,,,,,未対応,,
,200,L00098,,0〜2,共有知識(CommonKnowledge),家にたどり着くように道を進む,,,,,,未対応,,
,206,L00105,,0〜2,共有知識(CommonKnowledge),他の物へ触れないで鬼退治に行く,,,,,,未対応,,
,228,L10008,,3〜4,共有知識(CommonKnowledge),切られた形に合うフルーツを選ぶ,,,,,,未対応,,
,248,L10034,,3〜4,共有知識(CommonKnowledge),お話の順番に並べる,,,,,,未対応,,
,262,L10064,,3〜4,共有知識(CommonKnowledge),"動物たちの好きな食べ物は
どれかを当てる",,,,,,未対応,,
,265,L10069,,3〜4,共有知識(CommonKnowledge),何のお花が咲くか正しいお花を選ぶ,,,,,,未対応,,
,275,L10088,,3〜4,共有知識(CommonKnowledge),"星からハートまで
動物の仲間だけを通って
迷路を抜ける

不具合
上部枠外に押せる場所がある
押すと不正解演出？が表示",〇,,,,,未対応,,
,276,L10089,,3〜4,共有知識(CommonKnowledge),"星からハートまで
動物の仲間だけを通って
迷路を抜ける

不具合
上部枠外に押せる場所がある
押すと不正解演出？が表示",〇,,,,,未対応,,
,277,L10094,,3〜4,共有知識(CommonKnowledge),"犬のいる部屋だけを通って
迷路を抜ける",,,,,,未対応,,
,291,L20007,,5〜6,共有知識(CommonKnowledge),"野菜を切る
どの野菜を切ったか当てる",,,,,,未対応,,
,296,L20017,,5〜6,共有知識(CommonKnowledge),"大きくなると
どの生き物になるか選ぶ",,,,,,未対応,,
,299,L20022,,5〜6,共有知識(CommonKnowledge),"大きくなると
どの生き物になるか選ぶ",,,,,,未対応,,
,311,L20046,,5〜6,共有知識(CommonKnowledge),"色々なものをペルくんの
箱に入れると変身して出てくる
どんな約束で変わるか予想して
箱の中から出てくるものを選ぶ",,,,,,未対応,,
,338,L20108,,5〜6,共有知識(CommonKnowledge),"左の枠内の人がお仕事で使うものを
右から2つずつ見つける",,,,,,未対応,,
,341,L20117,,5〜6,共有知識(CommonKnowledge),1時から12時まで順番に進む,,,,,,未対応,,
,342,L20118,,5〜6,共有知識(CommonKnowledge),1時から12時まで順番に進む,,,,,,未対応,,
,9,L00026,,0〜2,言語(Language),同じひらがなを探す,,,,A,,未対応,,
,18,L00056,,0〜2,言語(Language),特定の頭文字から始まるものを選ぶ,・始めの音声再生タイミングが遅い,,,A,,未対応,,
,24,L10005,,3〜4,言語(Language),あいうえおをなぞる,"・終了エフェクト後待機時間
　3秒になっている（他は1秒）
・Main遷移時に一瞬BGMが流れる",,終わると止まる,A,,未対応,,
,27,L10040,,3〜4,言語(Language),"かきくけこの書き歌
聞き終わるとカーテン演出に移行","・終了エフェクト後待機時間
　3秒になっている（他は1秒）
・Main遷移時に一瞬BGMが流れる
・歌と動きのタイミングが合ってない",,終わると止まる,A,,未対応,,
,29,L10050,,3〜4,言語(Language),"アイウエオの書き歌
聞き終わるとカーテン演出に移行","・終了エフェクト後待機時間
　3秒になっている（他は1秒）
・Main遷移時に一瞬BGMが流れる
・歌と動きのタイミングが合ってない
・文字周りのモノなどの画像
　表示されたりされなかったりする",,終わると止まる,A,,未対応,,
,30,L10052,,3〜4,言語(Language),"カキクケコの書き歌
聞き終わるとカーテン演出に移行","・終了エフェクト後待機時間
　3秒になっている（他は1秒）
・Main遷移時に一瞬BGMが流れる
・歌と動きのタイミングが合ってない
・文字周りのモノなどの画像
　表示されたりされなかったりする",,終わると止まる,A,,未対応,,
,36,L10083,,3〜4,言語(Language),何が隠れているかを見つける,,,,A,,未対応,,
,37,L10100,,3〜4,言語(Language),"英語の大文字と小文字をなぞる
なぞる文字はAaBb","・最初の文字表示
　Aが表示されるまでの時間が長い
・文字表示と音声のタイミング
　最初のタイミングが合っていない
・終了エフェクト後待機時間
　3秒になっている（他は1秒）",,,A,,未対応,,
,38,L10101,,3〜4,言語(Language),"英語の大文字と小文字をなぞる
なぞる文字はCcDd","・最初の文字表示
　Cが表示されるまでの時間が長い
・文字表示と音声のタイミング
　最初のタイミングが合っていない
・終了エフェクト後待機時間
　3秒になっている（他は1秒）",,,A,,未対応,,
,58,L20094,,5〜6,言語(Language),文字を読んで正しい方に進む,,,,A,,未対応,,
,64,L00023,,0〜2,言語(Language),"ふたつになったひらがなを
下のひらがなをヒントに元に戻す",,,,B,,未対応,,
,67,L00058,,0〜2,言語(Language),特定の頭文字から始まるものを選ぶ,,,,B,,未対応,,
,76,L10041,,3〜4,言語(Language),"さしすせその書き歌
聞き終わるとカーテン演出に移行",,,終わると止まる,B,,未対応,,
,77,L10056,,3〜4,言語(Language),"サシスセソの書き歌
聞き終わるとカーテン演出に移行",,,終わると止まる,B,,未対応,,
,81,L10099,,3〜4,言語(Language),絵に合う言葉はどれか合わせる,,,,B,,未対応,,
,82,L10102,,3〜4,言語(Language),"英語の大文字と小文字をなぞる
なぞる文字はEeFf",,,,B,,未対応,,
,85,L20027,,5〜6,言語(Language),"文字を並び替えて言葉を作る

不具合
「た」の文字が欠けている",〇,,問題なし。た出る,B,,未対応,,
,99,L00057,,0〜2,言語(Language),特定の頭文字から始まるものを選ぶ,,,ことば,C,,未対応,,
,104,L10027,,3〜4,言語(Language),文字を並び替えて言葉を作る,,,ことば,C,,未対応,,
,105,L10047,,3〜4,言語(Language),"たちつてとの書き歌
聞き終わるとカーテン演出に移行",,,ことば。終わると止まる,C,,未対応,,
,106,L10057,,3〜4,言語(Language),"タチツテトの書き歌
聞き終わるとカーテン演出に移行",,,ことば。終わると止まる,C,,未対応,,
,107,L10103,,3〜4,言語(Language),"英語の大文字と小文字をなぞる
なぞる文字はGgHh
不具合
gの二画目でなぞらず星まで
行けるようになっている
hの二画目で左になぞれば
上と同じ症状になる",〇,,ことば,C,,未対応,,
,125,L00028,,0〜2,言語(Language),同じ言葉のところを探す,,,,D,,対応済み,ことば,9
,128,L00059,,0〜2,言語(Language),特定の頭文字から始まるものを選ぶ,,,,D,,対応済み,ことば,10
,129,L00060,,0〜2,言語(Language),特定の頭文字から始まるものを選ぶ,,,,D,,対応済み,ことば,11
,141,L10043,,3〜4,言語(Language),"はひふへほの書き歌
聞き終わるとカーテン演出に移行",,,聞き終わると止まる,D,,対応済み,ことば,9
,142,L10045,,3〜4,言語(Language),"なにぬねのの書き歌
聞き終わるとカーテン演出に移行",,,聞き終わると止まる,D,,対応済み,ことば,10
,143,L10051,,3〜4,言語(Language),"ハヒフヘホの書き歌
聞き終わるとカーテン演出に移行",,,聞き終わると止まる,D,,対応済み,ことば,9
,144,L10054,,3〜4,言語(Language),"ナニヌネノの書き歌
聞き終わるとカーテン演出に移行",,,聞き終わると止まる,D,,対応済み,ことば,10
,153,L10098,,3〜4,言語(Language),絵に合う言葉はどれか合わせる,,,,D,,対応済み,ことば,11
,164,L20089,,5〜6,言語(Language),"買い物袋に書いてあるものを買って
ルルちゃんと家に帰る",,,,D,,対応済み,ことば,11
,165,L20095,,5〜6,言語(Language),文字を読んで正しい方に進む,,,,D,,対応済み,ことば,11
,175,L00024,,0〜2,言語(Language),"ふたつになったひらがなを
下のひらがなをヒントに元に戻す",,,,,,未対応,,
,238,L10020,,3〜4,言語(Language),同じ言葉の絵はどれか当てる,,,,,,未対応,,
,239,L10021,,3〜4,言語(Language),同じ言葉の絵はどれか当てる,,,,,,未対応,,
,240,L10022,,3〜4,言語(Language),正しい言葉を選ぶ,,,,,,未対応,,
,244,L10028,,3〜4,言語(Language),"文字を並び替えて言葉を作る

不具合
「た」の文字が欠けている",〇,,問題なし。た出る,,,未対応,,
,245,L10029,,3〜4,言語(Language),文字を並び替えて言葉を作る,,,,,,未対応,,
,251,L10039,,3〜4,言語(Language),正しい言葉を選ぶ,,,,,,未対応,,
,252,L10044,,3〜4,言語(Language),"まみむめもの書き歌
聞き終わるとカーテン演出に移行",,,終わると止まる,,,未対応,,
,253,L10046,,3〜4,言語(Language),"らりるれろの書き歌
聞き終わるとカーテン演出に移行",,,終わると止まる,,,未対応,,
,254,L10048,,3〜4,言語(Language),"わをんの書き歌
聞き終わるとカーテン演出に移行",,,終わると止まる,,,未対応,,
,255,L10049,,3〜4,言語(Language),"やゆよの書き歌
聞き終わるとカーテン演出に移行",,,終わると止まる,,,未対応,,
,256,L10053,,3〜4,言語(Language),"マミムメモの書き歌
聞き終わるとカーテン演出に移行",,,終わると止まる,,,未対応,,
,257,L10055,,3〜4,言語(Language),"ラリルレロの書き歌
聞き終わるとカーテン演出に移行",,,終わると止まる,,,未対応,,
,258,L10058,,3〜4,言語(Language),"ワヲンの書き歌
聞き終わるとカーテン演出に移行",,,終わると止まる,,,未対応,,
,259,L10059,,3〜4,言語(Language),"ヤユヨの書き歌
聞き終わるとカーテン演出に移行",,,終わると止まる,,,未対応,,
,273,L10085,,3〜4,言語(Language),上の言葉と同じものを見つける,,,,,,未対応,,
,279,L10104,,3〜4,言語(Language),"英語の大文字と小文字をなぞる
なぞる文字はIiJj",,,,,,未対応,,
,280,L10105,,3〜4,言語(Language),"英語の大文字と小文字をなぞる
なぞる文字はKkLl

不具合
小文字のLを指示するテキストが
iになっている",〇,,,E,,未対応,,
,281,L10106,,3〜4,言語(Language),"英語の大文字と小文字をなぞる
なぞる文字はMmNn

不具合
Nの最後の一画で
なぞらず星まで行けるようになって
いる（コライダーがない？）",〇,,,E,,未対応,,
,282,L10107,,3〜4,言語(Language),"英語の大文字と小文字をなぞる
なぞる文字はOoPp",,,,,,未対応,,
,283,L10108,,3〜4,言語(Language),"英語の大文字と小文字をなぞる
なぞる文字はQqRr",,,,,,未対応,,
,284,L10109,,3〜4,言語(Language),"英語の大文字と小文字をなぞる
なぞる文字はSsTt",,,,,,未対応,,
,285,L10110,,3〜4,言語(Language),"英語の大文字と小文字をなぞる
なぞる文字はUuVv",,,,,,未対応,,
,286,L10111,,3〜4,言語(Language),"英語の大文字と小文字をなぞる
なぞる文字はWwXx",,,,,,未対応,,
,287,L10112,,3〜4,言語(Language),"英語の大文字と小文字をなぞる
なぞる文字はYyZz",,,,,,未対応,,
,300,L20028,,5〜6,言語(Language),文字を並び替えて言葉を作る,,,,,,未対応,,
,327,L20090,,5〜6,言語(Language),"買い物袋に書いてあるものを買って
ルルちゃんと家に帰る

不具合
不正解の「さんま」が押せない
ゲームクリア自体には影響なし",〇,,,,,未対応,,
,328,L20091,,5〜6,言語(Language),"買い物袋に書いてあるものを買って
ルルちゃんと家に帰る",,,,,,未対応,,
,329,L20092,,5〜6,言語(Language),正しい言葉を選んで迷路を進む,,,,,,未対応,,
,330,L20093,,5〜6,言語(Language),正しい言葉を選んで迷路を進む,,,,,,未対応,,
,331,L20096,,5〜6,言語(Language),文字を読んで正しい方に進む,,,,,,未対応,,
,332,L20097,,5〜6,言語(Language),文字を読んで正しい方に進む,,,,,,未対応,,
,333,L20098,,5〜6,言語(Language),文字を読んで正しい方に進む,,,,,,未対応,,
,1,L00002,,0〜2,図形(Shapes),形を使って飛行機を作る,,,,A,○,未対応,,
,3,L00004,,0〜2,図形(Shapes),形を使って家を作る,,,,A,,未対応,,
,22,L00084,,0〜2,図形(Shapes),道に沿うように点を繋ぐ,,,,A,,未対応,,
,23,L10002,,3〜4,図形(Shapes),"ハサミで切った図形を開くと
どの形になるか選ぶ",,,,A,○,未対応,,
,32,L10068,,3〜4,図形(Shapes),"星の所に指を置くと星が動く
星を追いかけていくと絵が出来る
何が出来るか星を動かして確認する

答えが家",,,,A,,未対応,,
,33,L10076,,3〜4,図形(Shapes),"星の所に指を置くと星が動く
星を追いかけていくと絵が出来る
何が出来るか星を動かして確認する

答えが船",,,,A,,未対応,,
,45,L20026,,5〜6,図形(Shapes),"折り紙を半分に折って切った
開いたらどうなるか選ぶ",,,,A,,未対応,,
,51,L20057,,5〜6,図形(Shapes),"形を重ねて形を作る
出来る形の影を選ぶ",・空いている箇所に判定がある,,OK?空いていなかった,A,,未対応,,
,52,L20059,,5〜6,図形(Shapes),"形を重ねて形を作る
出来る形の影を選ぶ",・空いている箇所に判定がある,,OK?空いていなかった,A,,未対応,,
,57,L20078,,5〜6,図形(Shapes),"空いているところにピッタリ
当てはまるものを選ぶ","・終了エフェクト後待機時間
　3秒になっている（他は1秒）",,,A,,未対応,,
,62,L00018,,0〜2,図形(Shapes),かたちを使ってロケットを作る,,,,B,,未対応,,
,74,L10011,,3〜4,図形(Shapes),"どれとどれを組み合わせたら
お手本と同じになるか二つ選ぶ",,,,B,,未対応,,
,91,L00006,,0〜2,図形(Shapes),形を使ってびっくりばこを作る,,,しこう,C,,未対応,,
,102,L00085,,0〜2,図形(Shapes),道に沿うように点を繋ぐ,,,しこう,C,,未対応,,
,108,L20012,,5〜6,図形(Shapes),形を使って船を作る,,,しこう,C,,未対応,,
,109,L20019,,5〜6,図形(Shapes),形を使って熱帯魚を作る,,,しこう,C,,未対応,,
,110,L20029,,5〜6,図形(Shapes),"折り紙を半分に折って切った
開いたらどうなるか選ぶ",,,しこう,C,,未対応,,
,113,L20056,,5〜6,図形(Shapes),"形を重ねて形を作る
出来る形の影を選ぶ",・空いている箇所に判定がある,,空いている、OUT,C,,未対応,,
,119,L20080,,5〜6,図形(Shapes),"空いているところにピッタリ
当てはまるものを選ぶ",,,しこう,C,,未対応,,
,121,L00008,,0〜2,図形(Shapes),かたちをつかって船をつくる,,,,D,,対応済み,しこう,9
,133,L00086,,0〜2,図形(Shapes),矢印の方向に線を引く,,,,D,,対応済み,しこう,10
,134,L00094,,0〜2,図形(Shapes),点を繋いでキリンの首を書く,,,,D,,対応済み,しこう,11
,136,L00106,,0〜2,図形(Shapes),点を繋いでパンダの輪郭を書く,,,,D,,対応済み,しこう,11
,137,L00123,,0〜2,図形(Shapes),"矢印の方向に線を引いて
雨を降らせる",,,,D,,対応済み,しこう,11
,138,L10006,,3〜4,図形(Shapes),形を動かして模様を作る,,,,D,,対応済み,しこう,9
,139,L10030,,3〜4,図形(Shapes),どの形を使って作るのかを当てる,,,,D,,対応済み,しこう,9
,152,L10097,,3〜4,図形(Shapes),"乗り物が隠れている
1から10まで順番に線で結ぶ",,,,D,,対応済み,かず,11
,159,L20060,,5〜6,図形(Shapes),"形を重ねて形を作る
出来る形の影を選ぶ",・空いている箇所に判定がある,,空いている、OUT,D,,対応済み,しこう,10
,167,L20102,,5〜6,図形(Shapes),"ペルくんが四角の中のものを
全て拾ってお家に帰れるように
迷路を抜ける",・動きが異常。クリアはできるがまともにペルくんが動かない。,,微妙,D,,対応済み,しこう,11
,170,L20143,,5〜6,図形(Shapes),迷子になったうさぎを家に帰す,,,,D,,対応済み,しこう,11
,182,L00048,,0〜2,図形(Shapes),見本と同じように積木を並べる,,,,E,,未対応,,
,183,L00049,,0〜2,図形(Shapes),見本と同じように積木を並べる,,,,,,未対応,,
,194,L00089,,0〜2,図形(Shapes),点線をなぞってお団子を書く,,,,,,未対応,,
,195,L00090,,0〜2,図形(Shapes),点線をなぞって丸を書く,,,,,,未対応,,
,196,L00091,,0〜2,図形(Shapes),飼い主と犬を線で繋ぐ,,,,E,,未対応,,
,197,L00092,,0〜2,図形(Shapes),凧と子供を線で繋ぐ,,,,,,未対応,,
,198,L00093,,0〜2,図形(Shapes),点線をなぞって旗を書く,,,,,,未対応,,
,201,L00100,,0〜2,図形(Shapes),点線をなぞりブドウを書く,,,,,,未対応,,
,202,L00101,,0〜2,図形(Shapes),点を繋いでハートを書く,,,,,,未対応,,
,203,L00102,,0〜2,図形(Shapes),"矢印の方向に線を引いて
ジャングルジムを書く",,,,,,未対応,,
,204,L00103,,0〜2,図形(Shapes),"点を繋いでライオンの
たてがみを書く",,,,,,未対応,,
,205,L00104,,0〜2,図形(Shapes),点を繋いでキャンディを書く,,,,E,,未対応,,
,207,L00108,,0〜2,図形(Shapes),もぐらを避けて迷路を抜ける,,,,,,未対応,,
,208,L00110,,0〜2,図形(Shapes),点をなぞって線を書く,,,,,,未対応,,
,209,L00111,,0〜2,図形(Shapes),点をなぞって線を書く,,,,,,未対応,,
,210,L00112,,0〜2,図形(Shapes),点をなぞって線を書く,,,,,,未対応,,
,211,L00113,,0〜2,図形(Shapes),線を引いてかたつむりの甲羅を書く,,,,,,未対応,,
,212,L00114,,0〜2,図形(Shapes),点を繋いで蛇を書く,,,,,,未対応,,
,213,L00115,,0〜2,図形(Shapes),点を繋いで雪だるまを書く,,,,,,未対応,,
,215,L00117,,0〜2,図形(Shapes),"矢印の方向に線を引いて
くつしたを書く",,,,,,未対応,,
,216,L00118,,0〜2,図形(Shapes),点を繋いで星を書く,,,,,,未対応,,
,217,L00119,,0〜2,図形(Shapes),点を繋いで太陽を書く,,,,E,,未対応,,
,218,L00120,,0〜2,図形(Shapes),点を繋いでテントを書く,,,,,,未対応,,
,219,L00121,,0〜2,図形(Shapes),"点を繋いでバスを書く
（指示文がテントをかいてねに
なっている。L00120のものが
間違って入っている？）",〇,,問題あり。消す,,,未対応,,
,220,L00122,,0〜2,図形(Shapes),綱引きの綱を線で繋ぐ,,,,,,未対応,,
,223,L00126,,0〜2,図形(Shapes),スキーの滑る道をなぞる,,,,,,未対応,,
,224,L00127,,0〜2,図形(Shapes),落ち葉の落ちる軌道をなぞる,,,,,,未対応,,
,225,L10001,,3〜4,図形(Shapes),"道がつながるようにピースを
並べる",,,,,,未対応,,
,226,L10004,,3〜4,図形(Shapes),形を動かして模様を作る,,,,,,未対応,,
,232,L10014,,3〜4,図形(Shapes),"空いているところに
ぴったり合う形はどれかを当てる

不具合
お手本が見えない
選択肢の形が一部しか見えない",〇,,問題あり消すこと,E,,未対応,,
,233,L10015,,3〜4,図形(Shapes),"空いているところに
ぴったり合う形はどれかを当てる

不具合
選択肢の形が一つしか見えない",〇,,問題あり消すこと,,,未対応,,
,235,L10017,,3〜4,図形(Shapes),形を使ってチューリップを作る,,,,,,未対応,,
,236,L10018,,3〜4,図形(Shapes),形を使ってクリスマスツリーを作る,,,,,,未対応,,
,237,L10019,,3〜4,図形(Shapes),丸を作るのにどれがいるか当てる,,,,,,未対応,,
,246,L10031,,3〜4,図形(Shapes),どの形を使って作るのかを当てる,,,,,,未対応,,
,247,L10032,,3〜4,図形(Shapes),どの形を使って作るのかを当てる,,,,,,未対応,,
,278,L10096,,3〜4,図形(Shapes),"乗り物が隠れている
1から10まで順番に線で結ぶ",,,,,,未対応,,
,288,L20003,,5〜6,図形(Shapes),"半分に折って重ねると
どのように見えるか当てる",,,,,,未対応,,
,297,L20020,,5〜6,図形(Shapes),形を使ってラクダを作る,,,,,,未対応,,
,298,L20021,,5〜6,図形(Shapes),形を使ってニワトリを作る,,,,,,未対応,,
,309,L20044,,5〜6,図形(Shapes),"形を重ねて形を作る
出来る形の影を選ぶ",,,,,,未対応,,
,315,L20058,,5〜6,図形(Shapes),"形を重ねて形を作る
出来る形の影を選ぶ",・空いている箇所に判定がある,,空いている、OUT,,,未対応,,
,321,L20079,,5〜6,図形(Shapes),"空いているところにピッタリ
当てはまるものを選ぶ",,,,,,未対応,,
,336,L20103,,5〜6,図形(Shapes),"ペルくんが四角の中のものを
全て拾ってお家に帰れるように
迷路を抜ける",・動きが異常。クリアはできるがまともにペルくんが動かない。,,微妙,,,未対応,,
,15,L00042,,0〜2,数字(Math),"帽子に書かれた数字のぶんだけ
皿にリンゴを乗せる",,,,A,,未対応,,
,17,L00047,,0〜2,数字(Math),書かれている物の個数を数える,,,,A,,未対応,,
,19,L00067,,0〜2,数字(Math),"1～10の数字の空いている部分に
適切な物を選ぶ",,,,A,,未対応,,
,20,L00070,,0〜2,数字(Math),指定されたものの数を数える,,,,A,,未対応,,
,25,L10024,,3〜4,数字(Math),"おやつを二人で仲良く分ける
それぞれいくつになるか
お皿に乗せる",,,,A,○,未対応,,
,43,L20009,,5〜6,数字(Math),"ボールを箱に9個いれ振る
左側に何個かあったとき
右側に何個あるか答える
例：左側に3個⇒右側6個と答える

箱を振る時にスマホを
振っているような演出がある","・終了エフェクト後待機時間
　3秒になっている（他は1秒）",,,A,,未対応,,
,69,L00068,,0〜2,数字(Math),１から順番に数字をたどる,,,,B,,未対応,,
,72,L00083,,0〜2,数字(Math),1～8を順番に繋ぐ,,,,B,,未対応,,
,80,L10095,,3〜4,数字(Math),"左のいちごと右のいちごが
合わせて5になるように動かす
（2問目はてんとう虫）",,,,B,,未対応,,
,90,L20106,,5〜6,数字(Math),"ペルくんがルルちゃんのところへ
いく際に
何本お花を摘めるか数える",,,,B,,未対応,,
,97,L00046,,0〜2,数字(Math),書かれている物の個数を数える,,,かず,C,,未対応,,
,126,L00038,,0〜2,数字(Math),"正しい階段になるようにブロックを
選んで並べる",,,,D,,対応済み,かず,10
,168,L20105,,5〜6,数字(Math),"ペルくんが3回ボールを投げ
まるのところにあたった
ペルくんが合計で何点か当てる",,,,D,,対応済み,かず,11
,181,L00045,,0〜2,数字(Math),数字を順番に並べる,,,,,,未対応,,
,184,L00054,,0〜2,数字(Math),どんぐりの数が多い道を選ぶ,,,,,,未対応,,
,188,L00066,,0〜2,数字(Math),"1～10の数字の空いている部分に
適切な物を選ぶ",,,,,,未対応,,
,214,L00116,,0〜2,数字(Math),1～8を順番に線で繋ぐ,,,,,,未対応,,
,230,L10012,,3〜4,数字(Math),多いのはどっちかを当てる,,,,,,未対応,,
,241,L10023,,3〜4,数字(Math),多いのはどっちかを当てる,,,,,,未対応,,
,242,L10025,,3〜4,数字(Math),多いのはどっちか当てる,,,,,,未対応,,
,250,L10038,,3〜4,数字(Math),"指定の数字飛びで
数字を正しい順番に並べる",,,,,,未対応,,
,260,L10060,,3〜4,数字(Math),二つ合わせて5になるようにする,,,,,,未対応,,
,263,L10066,,3〜4,数字(Math),積み木の数を数えて足し算をする,,,,,,未対応,,
,264,L10067,,3〜4,数字(Math),積み木の数を数えて足し算をする,,,,,,未対応,,
,271,L10079,,3〜4,数字(Math),"二つの数を合わせたら
いくつになるか当てる",,,,,,未対応,,
,334,L20100,,5〜6,数字(Math),お金を数え、全部でいくらか選ぶ,,,,,,未対応,,
,335,L20101,,5〜6,数字(Math),"ペルくんがルルちゃんのところへ
いく際に
何本お花を摘めるか数える",,,,,,未対応,,
,339,L20110,,5〜6,数字(Math),"ペルくんがどんぐりを拾っていく
合計でどんぐりが5個になるよう
進む道を選ぶ",,,,,,未対応,,
,340,L20111,,5〜6,数字(Math),"ペルくんがどんぐりを拾っていく
合計でどんぐりが6個になるよう
進む道を選ぶ",,,,,,未対応,,
,344,L20142,,5〜6,数字(Math),"貝の数が多いほうを通りながら
星からハートまで進む",,,,,,未対応,,
,2,L00003,,0〜2,認識(Recognition),かげを同じものに合わせる,,,,A,○,未対応,,
,4,L00014,,0〜2,認識(Recognition),左右の絵が同じかどうかで◦×を押す,"・終了エフェクト後待機時間
　3秒になっている（他は1秒）",,,A,,未対応,,
,5,L00016,,0〜2,認識(Recognition),一番長いものを選ぶ,"・背景スクロール
　一瞬背景右側が途切れて
　黒い背景が見えてしまう",,,A,,未対応,,
,6,L00019,,0〜2,認識(Recognition),左右の絵が同じかどうかで◦×を押す,"・終了エフェクト後待機時間
　3秒になっている（他は1秒）",,,A,,未対応,,
,7,L00021,,0〜2,認識(Recognition),絵に合う影を選ぶ,,,,A,,未対応,,
,8,L00022,,0〜2,認識(Recognition),女の子が身に付けている物を選ぶ,,,,A,,未対応,,
,11,L00032,,0〜2,認識(Recognition),ピースを動かして絵を作る,,,,A,,未対応,,
,12,L00033,,0〜2,認識(Recognition),"走ってきた車を見て、どう走って
きたかを選ぶ",,,,A,,未対応,,
,16,L00044,,0〜2,認識(Recognition),隠れている動物を見つける,"・終了エフェクト後待機時間
　3秒になっている（他は1秒）",,,A,,未対応,,
,21,L00071,,0〜2,認識(Recognition),大きさがあっている物を選ぶ,,,,A,,未対応,,
那須,34,L10081,,3〜4,認識(Recognition),重いものを当てる,"・シーソーの位置がずれている
　ゲームとして成り立っていない
↓
OK",,"OK
※シーソー系のゲームは、どれも位置も正常で／ゲームとしても成立（おかしな結果は無い）していた。",A,,未対応,,
,40,L20002,,5〜6,認識(Recognition),"左の家が右のように回転したら
どうなるかを選ぶ",,,,A,○,未対応,,
,41,L20004,,5〜6,認識(Recognition),"ペルくんから見ると
どのように見えるか当てる",,,,A,,未対応,,
,42,L20008,,5〜6,認識(Recognition),"左の家が右のように回転したら
どうなるかを選ぶ","・終了エフェクト後待機時間
　3秒になっている（他は1秒）",,,A,,未対応,,
,44,L20024,,5〜6,認識(Recognition),"二枚の絵を重ねたら
どんなふうに見えるか選ぶ",,,,A,○,未対応,,
,46,L20035,,5〜6,認識(Recognition),"形全体に絵の具を塗って
紙の上を転がす
どんな模様が出来るか選ぶ",,,,A,,未対応,,
,47,L20038,,5〜6,認識(Recognition),"四角をつくるには
どれがいるか選ぶ",,,,A,,未対応,,
,49,L20049,,5〜6,認識(Recognition),"ボールが箱にたくさん入っている
矢印の方に箱を倒すと
ボールがどんなふうになるか選ぶ","・問題アニメーションと下の選択肢
　問題変更タイミングがずれている
　デジタルコペルでも同じなので
　仕様かもしれません",,,A,,未対応,,
,50,L20052,,5〜6,認識(Recognition),"絵や形が変わっていく
次にくるものを選ぶ","・開始時に一瞬だけ
　問題のようなものが見える",,,A,,未対応,,
,53,L20066,,5〜6,認識(Recognition),"お手本の絵を作るのに
一つだけ使わないものを選ぶ","・終了エフェクト後待機時間
　3秒になっている（他は1秒）",,,A,,未対応,,
,54,L20071,,5〜6,認識(Recognition),"絵の右側に鏡を立てて
覗いた時に、どのように見えるか
選ぶ",,,,A,,未対応,,
,55,L20073,,5〜6,認識(Recognition),"色々な家があり、空から見ると
どのように見えるか選ぶ",・開始時に一瞬だけ緑の家が見える,,,A,,未対応,,
,61,L00001,,0〜2,認識(Recognition),ふうせんのいろをあわせる,,,,B,,未対応,,
,63,L00020,,0〜2,認識(Recognition),絵に合う影を選ぶ,,,,B,,未対応,,
,68,L00063,,0〜2,認識(Recognition),"走ってきた車を見て、どう走って
きたかを選ぶ",,,,B,,未対応,,
,78,L10061,,3〜4,認識(Recognition),"ボールを打って落としたら
どのバケツに入るか下から選ぶ",,,,B,,未対応,,
,83,L20014,,5〜6,認識(Recognition),"ペルくんが片方の手に
もっているものはどれか選ぶ",,,,B,,未対応,,
,84,L20023,,5〜6,認識(Recognition),"空いているところに何が入るか
右から選ぶ",,,,B,,未対応,,
,86,L20037,,5〜6,認識(Recognition),"二枚の絵を重ねたら
どんなふうに見えるか選ぶ",,,,B,,未対応,,
,87,L20050,,5〜6,認識(Recognition),"それぞれテーブルの上のものは
どんなふうに見えているか当てる",,,,B,,未対応,,
,88,L20053,,5〜6,認識(Recognition),"絵や形が変わっていく
次にくるものを選ぶ",,,,B,,未対応,,
,89,L20070,,5〜6,認識(Recognition),"絵の右側に鏡を立てて
覗いた時に、どのように見えるか
選ぶ",,,,B,,未対応,,
,92,L00007,,0〜2,認識(Recognition),"あいているところに当てはまる
記号を右から選ぶ",,,しこう,C,,未対応,,
,95,L00029,,0〜2,認識(Recognition),かげを同じものに合わせる,,,しこう,C,,未対応,,
,103,L10003,,3〜4,認識(Recognition),"四角の中の画像のように見えている
キャラを選ぶ",,,しこう,C,,未対応,,
,111,L20030,,5〜6,認識(Recognition),"ペルくんが片方の手に
もっているものはどれか選ぶ",,,しこう,C,,未対応,,
,112,L20033,,5〜6,認識(Recognition),"形全体に絵の具を塗って
紙の上を転がす
どんな模様が出来るか選ぶ",,,,C,,未対応,,
,115,L20064,,5〜6,認識(Recognition),"お手本の絵を作るのに
一つだけ使わないものを選ぶ",,,しこう,C,,未対応,,
,116,L20068,,5〜6,認識(Recognition),"積み木が矢印の方に
一回転がったとき
上に何が来るか選ぶ",,,しこう,C,,未対応,,
,117,L20072,,5〜6,認識(Recognition),"色々な家があり、空から見ると
どのように見えるか選ぶ",,,しこう,C,,未対応,,
,122,L00009,,0〜2,認識(Recognition),かげと同じ虫を合わせる,,,,D,,対応済み,しこう,9
,123,L00011,,0〜2,認識(Recognition),説明に合うものを選ぶ,,,,D,,対応済み,しこう,9
,124,L00017,,0〜2,認識(Recognition),左右の絵が同じかどうかで◦×を押す,,,,D,,対応済み,しこう,9
,127,L00053,,0〜2,認識(Recognition),同じ色の絵を探して箱に入れる,,,,D,,対応済み,しこう,10
,130,L00069,,0〜2,認識(Recognition),大きい方を選ぶ,,,,D,,対応済み,しこう,10
,140,L10036,,3〜4,認識(Recognition),"おもちゃ屋さんに
沢山のおもちゃが並んでいる
影にぴったり合うものを合わせる",,,,D,,対応済み,しこう,9
,145,L10062,,3〜4,認識(Recognition),"ボールを打って落としたら
どのバケツに入るか下から選ぶ",,,,D,,対応済み,しこう,10
,147,L10073,,3〜4,認識(Recognition),"キャラやものなどが水に映ると
どんなふうに見えるか当てる",,,,D,,対応済み,しこう,10
,150,L10090,,3〜4,認識(Recognition),お手本と同じになるよう置く,,,,D,,対応済み,しこう,11
,155,L20018,,5〜6,認識(Recognition),"黒丸を中心に回転したら
どうなるかを選ぶ",,,,D,,対応済み,しこう,9
,156,L20025,,5〜6,認識(Recognition),"二枚の絵を重ねたら
どんなふうに見えるか選ぶ",,,,D,,対応済み,しこう,9
,157,L20041,,5〜6,認識(Recognition),"ボールが箱にたくさん入っている
矢印の方に箱を倒すと
ボールがどんなふうになるか選ぶ",,,,D,,対応済み,しこう,9
,158,L20048,,5〜6,認識(Recognition),"お手本の絵を作るのに
一つだけ使わないものを選ぶ",,,,D,,対応済み,しこう,9
,160,L20069,,5〜6,認識(Recognition),"ローラーを矢印方向に動かしたとき
紙の上にどのような模様が出来るか
選ぶ",,,,D,,対応済み,かず,9
,163,L20088,,5〜6,認識(Recognition),"空いているところに何が入るか
右から選ぶ",,,,D,,対応済み,しこう,10
,169,L20124,,5〜6,認識(Recognition),"お手本と同じように並んでいる
虫を見つける",,,,D,,対応済み,しこう,11
那須➡代表,171,L00005,,0〜2,認識(Recognition),"何度か同じ物を探す
電車→バス→ヘリ等
（下部テキストと内容にズレが
あり、進行不能になる不具合有）",〇,,問題なし,E,,未対応,,
,173,L00012,,0〜2,認識(Recognition),説明に合うものを選ぶ,,,,,,未対応,,
,174,L00013,,0〜2,認識(Recognition),説明に合うものを選ぶ,,,,,,未対応,,
,186,L00064,,0〜2,認識(Recognition),"走ってきた車を見て、どう走って
きたかを選ぶ",,,,,,未対応,,
,187,L00065,,0〜2,認識(Recognition),"走ってきた車を見て、どう走って
きたかを選ぶ",,,,,,未対応,,
,189,L00072,,0〜2,認識(Recognition),大きさがあっている物を選ぶ,,,,E,,未対応,,
,227,L10007,,3〜4,認識(Recognition),"順番に画像を3枚見て、4枚目になる
であろう画像を選ぶ",,,,,,未対応,,
,229,L10010,,3〜4,認識(Recognition),どちらが重いか選ぶ,,,,,,未対応,,
,231,L10013,,3〜4,認識(Recognition),同じか違うかを当てる,,,,,,未対応,,
,234,L10016,,3〜4,認識(Recognition),重いものを当てる,,,,,,未対応,,
,243,L10026,,3〜4,認識(Recognition),同じか違うかを当てる,,,,,,未対応,,
,249,L10037,,3〜4,認識(Recognition),"積み木で家を作ったら影になった
どの家の影か当てる",,,,,,未対応,,
,261,L10063,,3〜4,認識(Recognition),"左のように鏡の前にカップを置くと
どのように映るか当てる
二問目はペルくん",,,,,,未対応,,
,266,L10071,,3〜4,認識(Recognition),"キャラやものなどが水に映ると
どんなふうに見えるか当てる",,,,,,未対応,,
,267,L10072,,3〜4,認識(Recognition),"キャラやものなどが水に映ると
どんなふうに見えるか当てる",,,,,,未対応,,
,268,L10074,,3〜4,認識(Recognition),"キャラやものなどが水に映ると
どんなふうに見えるか当てる",,,,,,未対応,,
,269,L10075,,3〜4,認識(Recognition),"キャラやものなどが水に映ると
どんなふうに見えるか当てる",,,,,,未対応,,
,272,L10080,,3〜4,認識(Recognition),同じものを見つける,,,,,,未対応,,
,289,L20005,,5〜6,認識(Recognition),"机の上の積み木をペルくんから
どのように見えるか当てる",,,"頻繁に左の絵が回るので
少し見づらいなと感じました",,,未対応,,
,290,L20006,,5〜6,認識(Recognition),"ペルくんの所に特定の果物が来ると
指定の動物の前にどの果物が来るか
当てる",,,,,,未対応,,
,292,L20011,,5〜6,認識(Recognition),"空いているところに何が入るか
右から選ぶ",,,,,,未対応,,
,293,L20013,,5〜6,認識(Recognition),"黒丸を中心に回転したら
どうなるかを選ぶ",,,,,,未対応,,
,294,L20015,,5〜6,認識(Recognition),"二枚の絵を重ねたら
どんなふうに見えるか選ぶ",,,,,,未対応,,
,295,L20016,,5〜6,認識(Recognition),"左の家が右のように回転したら
どうなるかを選ぶ",,,,,,未対応,,
,302,L20032,,5〜6,認識(Recognition),"空いているところに何が入るか
右から選ぶ",,,,,,未対応,,
,303,L20034,,5〜6,認識(Recognition),"形全体に絵の具を塗って
紙の上を転がす
どんな模様が出来るか選ぶ",,,,,,未対応,,
,304,L20036,,5〜6,認識(Recognition),"空いているところに何が入るか
右から選ぶ",,,,,,未対応,,
,305,L20039,,5〜6,認識(Recognition),"積み木が矢印の方に
一回転がったとき
上に何が来るか選ぶ",,,,,,未対応,,
,306,L20040,,5〜6,認識(Recognition),"積み木を色々な方向から見ている
それぞれどんな風に見えているか
絵の中から見えている形を選ぶ",,,,,,未対応,,
,307,L20042,,5〜6,認識(Recognition),"絵や形が変わっていく
次にくるものを選ぶ",,,,,,未対応,,
,308,L20043,,5〜6,認識(Recognition),"お手本の絵を作るのに
一つだけ使わないものを選ぶ",,,,,,未対応,,
,310,L20045,,5〜6,認識(Recognition),"絵や形が変わっていく
次にくるものを選ぶ",,,,,,未対応,,
,312,L20051,,5〜6,認識(Recognition),"積み木を色々な方向から見ている
それぞれどんな風に見えているか
絵の中から見えている形を選ぶ",,,,,,未対応,,
,313,L20054,,5〜6,認識(Recognition),"絵や形が変わっていく
次にくるものを選ぶ",,,,,,未対応,,
,314,L20055,,5〜6,認識(Recognition),"お手本の絵を作るのに
一つだけ使わないものを選ぶ",,,,,,未対応,,
,316,L20061,,5〜6,認識(Recognition),"絵や形が変わっていく
次に出てくるものを選ぶ",,,,,,未対応,,
,317,L20062,,5〜6,認識(Recognition),"絵や形が変わっていく
次に出てくるものを選ぶ",,,,,,未対応,,
,318,L20065,,5〜6,認識(Recognition),"お手本の絵を作るのに
一つだけ使わないものを選ぶ",,,,,,未対応,,
,319,L20067,,5〜6,認識(Recognition),"お手本の絵を作るのに
一つだけ使わないものを選ぶ",,,,,,未対応,,
,322,L20082,,5〜6,認識(Recognition),"絵の右側に鏡を立てて
覗いた時に、どのように見えるか
選ぶ",,,,,,未対応,,
,323,L20083,,5〜6,認識(Recognition),"ローラーを矢印方向に動かしたとき
紙の上にどのような模様が出来るか
選ぶ",,,,,,未対応,,
,326,L20087,,5〜6,認識(Recognition),"それぞれテーブルの上のものは
どんなふうに見えているか当てる",,,,,,未対応,,
,337,L20104,,5〜6,認識(Recognition),"左のようにものを置くと
鏡にどのようにうつるか当てる",,,,,,未対応,,
,343,L20125,,5〜6,認識(Recognition),"お手本と同じように並んでいる
虫を見つける",,,,,,未対応,,
,,,,,,,,,,,,,,
,,,,,,,,,,,現在の数,残りで必要な数,,
,,,,,,,,,,Aの合計数,60,0,初回納品,
,,,,,,,,,,Bの合計数,30,0,4月納品,
,,,,,,,,,,Cの合計数,30,0,5月納品,
,,,,,,,,,,Dの合計数,50,-20,6月納品,
,,,,,,,,,,Eの合計数,10,20,7月納品,
,,,,,,,,,,その他,165,60,,